{
  "requirements": [
    {
      "bonus": false,
      "description": "1 - Crie um calendário dinamicamente",
      "enabled": true,
      "identifier": null,
      "order": 1,
      "skill_ids": []
    },
    {
      "bonus": false,
      "description": "2 - Implemente uma função que muda a cor de fundo dos dias que possuem a classe `\"holiday\"`",
      "enabled": true,
      "identifier": null,
      "order": 2,
      "skill_ids": []
    },
    {
      "bonus": false,
      "description": "3 - Implemente uma função que modifica o texto exibido nos dias que são Sexta-feira",
      "enabled": true,
      "identifier": null,
      "order": 3,
      "skill_ids": []
    },
    {
      "bonus": false,
      "description": "4 - Implemente duas funções que criem um efeito de \"zoom\"",
      "enabled": true,
      "identifier": null,
      "order": 4,
      "skill_ids": []
    },
    {
      "bonus": true,
      "description": "5 - Implemente uma função que selecione uma tarefa",
      "enabled": true,
      "identifier": null,
      "order": 5,
      "skill_ids": []
    },
    {
      "bonus": true,
      "description": "6 - Implemente uma função que atribua a cor da tarefa ao dia do calendário",
      "enabled": true,
      "identifier": null,
      "order": 6,
      "skill_ids": []
    },
    {
      "bonus": true,
      "description": "7 - Vamos adicionar compromissos ao seu calendário?",
      "enabled": true,
      "identifier": null,
      "order": 7,
      "skill_ids": []
    }
  ]
}